<addon id="plugin.program.copytohome_progress" name="Natki-Dragon" version="2.1.2" provider-name="Natki-Dragon">
    <extension point="xbmc.python.script" library="default.py" />
    <requires>
        <import addon="xbmc.python" version="3.0.0" />
        <import addon="script.module.requests" version="2.25.1" />
    </requires>
	<extension point="xbmc.addon.metadata">
    <summary>Installs build to Android or PC automatically</summary>
    <description>מזהה פלטפורמה ומתקין את גירסת ה- Kodi בהתאם למחשב או לאנדרואיד</description>
    <assets>
         <icon>icon.png</icon>
         <fanart>fanart.jpg</fanart>
    </assets>
    <platform>all</platform>
	</extension>
</addon>
