<?xml version="1.0" encoding="UTF-8" standalone="yes"?>
<addon id="plugin.video.flashstream"
       name="Flash Stream"
       version="1.0.4"
       provider-name="YourName">
    <requires>
        <import addon="xbmc.python" version="3.0.0"/>
    </requires>
    <extension point="xbmc.python.pluginsource"
               library="default.py">
        <!-- <provides>video</provides> -->
	</extension>
	<reuselanguageinvoker>true</reuselanguageinvoker> 
	<extension point="xbmc.addon.metadata">
	<assets>
            <icon>icon.png</icon>
            <fanart>fanart.jpg</fanart>
    </assets>
    </extension>
    <extension point="xbmc.addon.metadata">
        <summary lang="en">Custom flash stream plugin</summary>
        <description lang="en">exported fashstream database</description>
        <platform>all</platform>
    </extension>
</addon>
