<?xml version="1.0" encoding="UTF-8" standalone="yes"?>
<addon id="plugin.program.natki.unpack" name="NATKI Unpack Installer" version="1.1.0" provider-name="Natki-Dragon">
    <extension point="xbmc.python.pluginsource" library="default.py" />
    <extension point="xbmc.addon.metadata">
        <summary lang="en">Unpack and install IPTV dependencies (32/64-bit)</summary>
        <summary lang="he">פורס ומתקין הרחבות IPTV לפי בחירה (32/64 ביט)</summary>
        <description lang="en">Choose folder with zips and install addons for android-armv7 or android-aarch64</description>
        <description lang="he">בחר נתיב עם קבצי ZIP והתקן הרחבות עבור אנדרואיד 32 או 64 ביט</description>
        <platform>all</platform>
    </extension>
</addon>
